address,city,emergency_services,industry,name,ownership,phone,source,state,type,zip
1801 16TH ST,,Yes,Healthcare,BANNER NORTH COLORADO MEDICAL CENTER,Voluntary non-profit - Private,,CMS Hospital Compare,CO,Acute Care Hospitals,80631
1950 MOUNTAIN VIEW AVE,,Yes,Healthcare,LONGMONT UNITED HOSPITAL,Voluntary non-profit - Private,,CMS Hospital Compare,CO,Acute Care Hospitals,80501
1600 PRAIRIE CENTER PKWY,,Yes,Healthcare,INTERMOUNTAIN HEALTH PLATTE VALLEY HOSPITAL,Voluntary non-profit - Private,,CMS Hospital Compare,CO,Acute Care Hospitals,80601
800 S 3RD ST,,Yes,Healthcare,MONTROSE REGIONAL HEALTH,Voluntary non-profit - Private,,CMS Hospital Compare,CO,Acute Care Hospitals,81401
106 BLANCA AVE,,Yes,Healthcare,SAN LUIS VALLEY REGIONAL  MEDICAL CENTER,Voluntary non-profit - Private,,CMS Hospital Compare,CO,Acute Care Hospitals,81101
8300 W 38TH AVE,,Yes,Healthcare,LUTHERAN MEDICAL CENTER,Voluntary non-profit - Private,,CMS Hospital Compare,CO,Acute Care Hospitals,80033
1024 S LEMAY AVE,,Yes,Healthcare,POUDRE VALLEY HOSPITAL,Voluntary non-profit - Private,,CMS Hospital Compare,CO,Acute Care Hospitals,80524
777 BANNOCK ST,,Yes,Healthcare,DENVER HEALTH & HOSPITAL AUTHORITY,Government - State,,CMS Hospital Compare,CO,Acute Care Hospitals,80204
1008 MINNEQUA AVE,,Yes,Healthcare,"ST MARY CORWIN MED CTR, CENTURA HEALTH",Voluntary non-profit - Church,,CMS Hospital Compare,CO,Acute Care Hospitals,81004
1010 THREE SPRINGS BLVD,,Yes,Healthcare,MERCY REGIONAL MEDICAL CENTER,Voluntary non-profit - Church,,CMS Hospital Compare,CO,Acute Care Hospitals,81301
1719 E 19TH AVE,,Yes,Healthcare,HCA HEALTHONE PRESBYTERIAN ST LUKES,Government - State,,CMS Hospital Compare,CO,Acute Care Hospitals,80218
11600 W 2ND PL,,Yes,Healthcare,CENTURA HEALTH-ST ANTHONY HOSPITAL,Voluntary non-profit - Church,,CMS Hospital Compare,CO,Acute Care Hospitals,80228
400 W 16TH ST,,Yes,Healthcare,"PARKVIEW MEDICAL CENTER, INC",Voluntary non-profit - Private,,CMS Hospital Compare,CO,Acute Care Hospitals,81003
1400 E BOULDER ST,,Yes,Healthcare,UCH-MEMORIAL HEALTH SYSTEM,Government - Local,,CMS Hospital Compare,CO,Acute Care Hospitals,80909
2635 N 7TH ST,,Yes,Healthcare,INTERMOUNTAIN HEALTH ST. MARY'S REGIONAL HOSPITAL,Voluntary non-profit - Church,,CMS Hospital Compare,CO,Acute Care Hospitals,81501
12605 E 16TH AVE,,Yes,Healthcare,UNIVERSITY OF COLORADO HOSPITAL AUTHORITY,Government - Hospital District or Authority,,CMS Hospital Compare,CO,Acute Care Hospitals,80045
4747 ARAPAHOE AVENUE,,Yes,Healthcare,BOULDER COMMUNITY HEALTH,Voluntary non-profit - Private,,CMS Hospital Compare,CO,Acute Care Hospitals,80304
1375 E 19TH AVE,,Yes,Healthcare,SAINT JOSEPH HOSPITAL,Voluntary non-profit - Private,,CMS Hospital Compare,CO,Acute Care Hospitals,80218
2000 BOISE AVE,,Yes,Healthcare,BANNER MCKEE MEDICAL CENTER,Voluntary non-profit - Private,,CMS Hospital Compare,CO,Acute Care Hospitals,80538
2222 N NEVADA AVE,,Yes,Healthcare,CENTURA HEALTH-PENROSE ST FRANCIS HEALTH SERVICES,Voluntary non-profit - Private,,CMS Hospital Compare,CO,Acute Care Hospitals,80907
4567 E 9TH AVE,,Yes,Healthcare,HCA HEALTHONE ROSE,Proprietary,,CMS Hospital Compare,CO,Acute Care Hospitals,80220
501 E HAMPDEN AVE,,Yes,Healthcare,HCA-HEALTHONE DBA SWEDISH MEDICAL CENTER,Proprietary,,CMS Hospital Compare,CO,Acute Care Hospitals,80113
Fort Carson MEDDAC 1650 Cochrane Cir,,Yes,Healthcare,Evans ACH (FT Carson),Department of Defense,,CMS Hospital Compare,CO,Acute Care - Department of Defense,80913
1000 LINCOLN ST,,Yes,Healthcare,ST ELIZABETH HOSPITAL,Voluntary non-profit - Other,,CMS Hospital Compare,CO,Acute Care Hospitals,80701
1024 CENTRAL PARK DR,,Yes,Healthcare,UCHEALTH YAMPA VALLEY MEDICAL CENTER,Voluntary non-profit - Private,,CMS Hospital Compare,CO,Acute Care Hospitals,80487
2351 'G' RD,,Yes,Healthcare,COMMUNITY HOSPITAL,Voluntary non-profit - Private,,CMS Hospital Compare,CO,Acute Care Hospitals,81505
1700 NORTH WHEELING STREET,,Yes,Healthcare,VA EASTERN COLORADO HEALTHCARE SYSTEM,Veterans Health Administration,,CMS Hospital Compare,CO,Acute Care - Veterans Administration,80045
2525 S DOWNING ST,,Yes,Healthcare,CENTURA HEALTH-PORTER ADVENTIST HOSPITAL,Voluntary non-profit - Private,,CMS Hospital Compare,CO,Acute Care Hospitals,80210
9191 GRANT ST,,Yes,Healthcare,HCA HEALTHONE MOUNTAIN RIDGE,Voluntary non-profit - Private,,CMS Hospital Compare,CO,Acute Care Hospitals,80229
1501 E 3RD ST,,Yes,Healthcare,DELTA COUNTY MEMORIAL HOSPITAL,Government - Local,,CMS Hospital Compare,CO,Acute Care Hospitals,81416
1906 BLAKE AVE,,Yes,Healthcare,VALLEY VIEW HOSPITAL ASSOCIATION,Voluntary non-profit - Private,,CMS Hospital Compare,CO,Acute Care Hospitals,81601
615 FAIRHURST ST,,Yes,Healthcare,STERLING REGIONAL MEDCENTER,Voluntary non-profit - Private,,CMS Hospital Compare,CO,Acute Care Hospitals,80751
2121 N. AVENUE,,Yes,Healthcare,GRAND JUNCTION VA MEDICAL CENTER,Veterans Health Administration,,CMS Hospital Compare,CO,Acute Care - Veterans Administration,81501
181 W MEADOW DR,,Yes,Healthcare,VAIL HEALTH HOSPITAL,Voluntary non-profit - Other,,CMS Hospital Compare,CO,Acute Care Hospitals,81657
1501 S POTOMAC ST,,Yes,Healthcare,THE MEDICAL CENTER OF AURORA & SOUTH HOSPITAL,Proprietary,,CMS Hospital Compare,CO,Acute Care Hospitals,80012
100 HEALTH PARK DR,,Yes,Healthcare,CENTURA HEALTH-AVISTA ADVENTIST HOSPITAL,Voluntary non-profit - Church,,CMS Hospital Compare,CO,Acute Care Hospitals,80027
14300 ORCHARD PKWY,,Yes,Healthcare,CENTURA HEALTH-ST ANTHONY NORTH HEALTH CAMPUS,Voluntary non-profit - Private,,CMS Hospital Compare,CO,Acute Care Hospitals,80023
1400 JACKSON ST,,Yes,Healthcare,NATIONAL JEWISH HEALTH,Voluntary non-profit - Private,,CMS Hospital Compare,CO,Acute Care Hospitals,80206
10101 RIDGEGATE PKWY,,Yes,Healthcare,SKY RIDGE MEDICAL CENTER,Voluntary non-profit - Other,,CMS Hospital Compare,CO,Acute Care Hospitals,80124
7700 S BROADWAY,,Yes,Healthcare,"LITTLETON ADVENTIST HOSPITAL, CENTURA HEALTH",Voluntary non-profit - Church,,CMS Hospital Compare,CO,Acute Care Hospitals,80122
9395 CROWN CREST BLVD,,Yes,Healthcare,PARKER ADVENTIST HOSPITAL,Voluntary non-profit - Private,,CMS Hospital Compare,CO,Acute Care Hospitals,80138
200 EXEMPLA CIR,,Yes,Healthcare,GOOD SAMARITAN MEDICAL CENTER LLC,Voluntary non-profit - Private,,CMS Hospital Compare,CO,Acute Care Hospitals,80026
"575 RIVERGATE LN, UNIT 100",,Yes,Healthcare,"ANIMAS SURGICAL HOSPITAL, LLC",Proprietary,,CMS Hospital Compare,CO,Acute Care Hospitals,81301
340 PEAK ONE DRIVE,,Yes,Healthcare,ST ANTHONY SUMMIT MEDICAL CENTER,Voluntary non-profit - Church,,CMS Hospital Compare,CO,Acute Care Hospitals,80443
2500 ROCKY MOUNTAIN AVE,,Yes,Healthcare,MEDICAL CENTER OF THE ROCKIES,Voluntary non-profit - Private,,CMS Hospital Compare,CO,Acute Care Hospitals,80538
11650 W 2ND PL,,Yes,Healthcare,ORTHOCOLORADO HOSP AT ST ANTHONY MED CAMPUS,Proprietary,,CMS Hospital Compare,CO,Acute Care Hospitals,80228
2350 MEADOWS BLVD,,Yes,Healthcare,ADVENTHEALTH CASTLE ROCK,Voluntary non-profit - Private,,CMS Hospital Compare,CO,Acute Care Hospitals,80109
4700 LADY MOON DR,,Yes,Healthcare,BANNER FORT COLLINS MEDICAL CENTER,Voluntary non-profit - Other,,CMS Hospital Compare,CO,Acute Care Hospitals,80528
1750 E KEN PRATT BLVD,,Yes,Healthcare,LONGS PEAK HOSPITAL,Voluntary non-profit - Private,,CMS Hospital Compare,CO,Acute Care Hospitals,80504
11820 DESTINATION DR,,Yes,Healthcare,UCHEALTH BROOMFIELD HOSPITAL,Proprietary,,CMS Hospital Compare,CO,Acute Care Hospitals,80021
