Company,Industry,Sub-Vertical,Country,Size,Revenue,Decision Maker,Deal Size,Priority,Fit Score,Website,Pain Points,Notes
"Microsoft","Technology","Software/Cloud","US","50K+ employees","$3T+","CVP Azure/M365","ACQUISITION","critical",98,"microsoft.com","ACQUISITION TARGET; Azure integration; Enterprise contracts","Integrate SSIP into Azure, M365, Dynamics"
"Amazon Web Services","Technology","Cloud Services","US","50K+ employees","$500B+","VP of Blockchain/Web3","ACQUISITION","critical",98,"aws.amazon.com","ACQUISITION TARGET; AWS Blockchain integration; Smart contracts","AWS Blockchain, QLDB integration potential"
"ServiceNow","Technology","Workflow Software","US","10K-50K employees","$150B+","Chief Product Officer","ACQUISITION","critical",97,"servicenow.com","ACQUISITION TARGET; Contract module; Workflow integration","Perfect strategic fit for platform"
"Kaiser Permanente","Healthcare","Hospital System","US","50K+ employees","$100B+","CTO / VP of Digital Transformation","$500K-$1M","critical",95,"kp.org","Contract compliance; Patient data integrity; Vendor management; Audit trails","8.7M members, massive contract volume, regulatory compliance needs"
"JPMorgan Chase","Financial Services","Investment Banking","US","50K+ employees","$500B+","Head of Technology Innovation","$1M-$2M","critical",95,"jpmorganchase.com","Trade compliance; Contract integrity; Audit automation; Risk management","Massive regulatory burden, thousands of daily contracts"
"Salesforce","Technology","Enterprise Software","US","50K+ employees","$30B+","VP of Platform Engineering","$500K-$1M","critical",95,"salesforce.com","Customer contracts; Partner agreements; Subscription management","Would integrate Mythara into their platform"
"Lockheed Martin","Manufacturing","Defense Contractor","US","50K+ employees","$65B+","VP of IT Systems","$1M-$2M","critical",95,"lockheedmartin.com","Government contracts; Security clearances; Audit trails","Top-secret clearance needs, CMMC compliance"
"Stripe","Financial Services","Payment Processing","US","5K-10K employees","$50B+ valuation","Head of Platform","$200K-$400K","critical",95,"stripe.com","Merchant contracts; API agreements; Compliance automation","Developer-first, API-driven, perfect fit"
"Palantir Technologies","Technology","Big Data Analytics","US","1K-5K employees","$20B+","VP of Government Solutions","$200K-$400K","critical",95,"palantir.com","Government contracts; Data integrity; Security clearances","STRATEGIC PARTNER - similar security focus"
"Adobe","Technology","Digital Media","US","10K-50K employees","$250B+","EVP Digital Experience","ACQUISITION","critical",95,"adobe.com","ACQUISITION TARGET; Document Cloud integration; E-signature","Complement to Adobe Sign, Document Cloud"
"Goldman Sachs","Financial Services","Investment Banking","US","50K+ employees","$100B+","CTO / Chief Innovation Officer","$750K-$1.5M","critical",93,"goldmansachs.com","Deal documentation; Compliance tracking; Client contract automation","High-value deals, need for cryptographic verification"
"Accenture","Technology","Consulting","Global","50K+ employees","$60B+","Managing Director - Technology","$750K-$1M","critical",93,"accenture.com","Client agreements; SOW management; Deliverable tracking","Thousands of active client contracts globally"
"CVS Health","Healthcare","Pharmacy / Insurance","US","50K+ employees","$300B+","Chief Digital Officer","$750K-$1.5M","critical",92,"cvshealth.com","Supply chain integrity; Contract automation; Fraud detection","9,000+ stores, complex vendor contracts, merger integration needs"
"Oracle","Technology","Enterprise Software","US","50K+ employees","$50B+","SVP of Cloud Infrastructure","$750K-$1.5M","critical",92,"oracle.com","License management; Partner contracts; SLA enforcement","Complex licensing, global operations"
"Epic Systems","Healthcare","EMR Software","US","10K-50K employees","$3B+","VP of Technology","$200K-$400K","critical",92,"epic.com","Hospital contracts; Patient data integrity; Interoperability","Dominant EMR, contract management needs"
"Booz Allen Hamilton","Consulting","Government Consulting","US","10K-50K employees","$8B+","VP of Digital Solutions","$300K-$500K","critical",92,"boozallen.com","Government contracts; Clearance management; Audit trails","Top government contractor, compliance critical"
"HSBC","Financial Services","Banking","UK","50K+ employees","$3T assets","Group CIO","$750K-$1.5M","critical",92,"hsbc.com","Trade finance; Compliance; Cross-border contracts","67 countries, complex regulatory environment"
"Johnson & Johnson","Healthcare","Pharmaceuticals","US","50K+ employees","$100B+","VP of Enterprise Systems","$500K-$1M","critical",90,"jnj.com","Clinical trial contracts; Supplier compliance; IP protection","Global operations, strict regulatory requirements"
"Pfizer","Healthcare","Pharmaceuticals","US","50K+ employees","$100B+","Chief Technology Officer","$500K-$1M","critical",90,"pfizer.com","R&D contract management; Supply chain transparency; Regulatory compliance","COVID vaccine contracts, global distribution complexity"
"Fidelity Investments","Financial Services","Asset Management","US","50K+ employees","$150B+","VP of Digital Operations","$500K-$1M","critical",90,"fidelity.com","Client agreements; Fund documentation; Regulatory reporting","40M+ customers, complex fund structures"
"IBM","Technology","IT Services","US","50K+ employees","$60B+","Chief Technology Officer","$500K-$1M","critical",90,"ibm.com","Client contracts; Project documentation; Compliance","Consulting contracts, Watson AI integration potential"
"Boeing","Manufacturing","Aerospace","US","50K+ employees","$100B+","VP of Digital Transformation","$500K-$1M","critical",90,"boeing.com","Supplier contracts; Quality assurance; Defense compliance","12,000+ suppliers, critical safety compliance"
"DocuSign","Technology","E-Signature","US","5K-10K employees","$2B+","Chief Product Officer","$250K-$500K","critical",90,"docusign.com","Direct competitor but potential acquirer; Contract automation; Blockchain integration","ACQUISITION TARGET - natural fit for SSIP"
"SAP","Technology","Enterprise Software","Germany","50K+ employees","$30B+","Chief Technology Officer","$500K-$1M","critical",90,"sap.com","License management; Partner ecosystem; GDPR compliance","European leader, global footprint"
"Square (Block)","Financial Services","Payments","US","5K-10K employees","$30B+","VP of Engineering","$150K-$300K","high",90,"squareup.com","Merchant agreements; Cash App contracts; Banking compliance","Rapid expansion, regulatory complexity"
"LegalZoom","Legal Services","Legal Tech","US","1K-5K employees","$1B+","VP of Product","$75K-$150K","high",90,"legalzoom.com","Document automation; Contract templates; Compliance","Direct use case for SSIP"
"State Farm","Financial Services","Insurance","US","50K+ employees","$100B+","Chief Technology Officer","$500K-$1M","high",88,"statefarm.com","Claims processing; Policy contracts; Agent management","83M policies, massive contract volume"
"General Electric","Manufacturing","Industrial Conglomerate","US","50K+ employees","$75B+","Chief Digital Officer","$500K-$1M","high",88,"ge.com","Supplier management; Contract lifecycle; Predix integration","Diverse business units, complex supply chain"
"Zoom","Technology","Video Communications","US","5K-10K employees","$4B+","CTO","$100K-$200K","high",88,"zoom.us","Enterprise contracts; Security compliance; Partner agreements","COVID-era growth, enterprise expansion"
"Cerner","Healthcare","Health IT","US","10K-50K employees","$5B+","Chief Technology Officer","$150K-$300K","high",88,"cerner.com","EHR contracts; Data exchange; Compliance","Oracle-owned, integration opportunity"
"Flexport","Logistics","Freight Forwarding","US","1K-5K employees","$8B valuation","VP of Product","$75K-$150K","high",88,"flexport.com","Customs documentation; Carrier contracts; Shipment tracking","Digital-first logistics, tech-forward"
"Rocket Lawyer","Legal Services","Legal Tech","US","500-1K employees","$500M+","Chief Technology Officer","$50K-$100K","high",88,"rocketlawyer.com","Legal document integrity; Client contracts; Attorney matching","SMB-focused, contract automation"
"Tesla Energy","Energy","Solar/Battery","US","10K-50K employees","$800B+","VP of Energy Products","$150K-$300K","high",88,"tesla.com/energy","Installation contracts; Powerwall agreements; Grid services","Elon factor, tech-forward"
"Siemens","Manufacturing","Industrial Conglomerate","Germany","50K+ employees","$75B+","CDO","$400K-$800K","high",88,"siemens.com","Supplier contracts; Project management; IoT integration","Digital transformation focus"
"HubSpot","Technology","Marketing Software","US","5K-10K employees","$2B+","VP of Product","$50K-$150K","high",85,"hubspot.com","Customer contracts; Partner integrations; Subscription billing","100K+ customers, rapid growth"
"Atlassian","Technology","Collaboration Software","Australia","10K-50K employees","$3B+","Head of Platform Engineering","$75K-$150K","high",85,"atlassian.com","License management; Enterprise agreements; Marketplace contracts","242K+ customers, developer-focused"
"Robinhood","Financial Services","Brokerage","US","1K-5K employees","$10B+","Chief Technology Officer","$100K-$200K","high",85,"robinhood.com","Trading compliance; Customer agreements; Regulatory reporting","SEC compliance needs, rapid user growth"
"FedEx","Logistics","Shipping","US","50K+ employees","$90B+","SVP of IT","$300K-$500K","high",85,"fedex.com","Shipper contracts; Route optimization; Customs documentation","Massive contract volume, global operations"
"UPS","Logistics","Shipping","US","50K+ employees","$100B+","CIO","$300K-$500K","high",85,"ups.com","Customer contracts; Supply chain visibility; Compliance","Competing with FedEx, automation focus"
"Zillow","Real Estate","PropTech","US","5K-10K employees","$10B+","CTO","$100K-$200K","high",85,"zillow.com","Listing agreements; Agent contracts; Transaction management","Tech-forward, API-driven"
"Workday","Technology","HR Software","US","10K-50K employees","$10B+","VP of Platform","$150K-$300K","high",85,"workday.com","Employee contracts; Vendor management; Compliance","Enterprise HR, contract management module"
"NextEra Energy","Energy","Renewable Energy","US","10K-50K employees","$150B+","VP of Digital Innovation","$250K-$500K","high",85,"nexteraenergy.com","Power purchase agreements; Grid contracts; Regulatory compliance","Largest renewable energy company"
"Alibaba Cloud","Technology","Cloud Services","China","50K+ employees","$100B+","VP of International","$300K-$600K","high",85,"alibabacloud.com","Customer contracts; Partner agreements; Compliance","Expanding globally, Western compliance needs"
"Sony","Technology","Electronics/Entertainment","Japan","50K+ employees","$100B+","CTO","$300K-$600K","high",85,"sony.com","Content licensing; Manufacturing contracts; IP management","Entertainment + hardware, complex contracts"
"ADP","Technology","Payroll Services","US","50K+ employees","$100B+","Chief Technology Officer","$200K-$400K","medium",83,"adp.com","Client contracts; Payroll compliance; Tax documentation","1M+ clients, massive contract volume"
"Tencent","Technology","Gaming/Social","China","50K+ employees","$500B+","VP of Enterprise Solutions","$250K-$500K","medium",83,"tencent.com","Game licensing; IP protection; International expansion","Massive user base, global ambitions"
"CBRE Group","Real Estate","Commercial Real Estate","US","50K+ employees","$30B+","Chief Digital Officer","$200K-$400K","medium",82,"cbre.com","Lease agreements; Property management; Tenant contracts","Largest commercial RE firm"
"Coursera","Education","Online Learning","US","1K-5K employees","$5B+","VP of Engineering","$50K-$100K","medium",80,"coursera.com","University partnerships; Content licensing; Student agreements","Growing B2B, enterprise training"
"Udemy","Education","Online Learning","US","1K-5K employees","$3B+","CTO","$40K-$80K","medium",78,"udemy.com","Instructor contracts; Enterprise licenses; Content rights","200K+ courses, IP management needs"
