Company,Industry,Sub-Vertical,Country,Size,Revenue,Decision Maker,Decision Maker Title,Deal Size,Priority,Fit Score,Website,Pain Points,Notes,Use Case,Current Competitor,Budget Cycle
Microsoft,Technology,Software/Cloud,US,50K+ employees,$3T+,CVP Azure/M365,Corporate Vice President,ACQUISITION,critical,98,microsoft.com,ACQUISITION TARGET; Azure integration; Enterprise contracts,"Integrate SSIP into Azure, M365, Dynamics - strategic acquisition potential",Platform integration across entire Microsoft ecosystem,DocuSign (limited capability),Q1 M&A review
Amazon Web Services,Technology,Cloud Services,US,50K+ employees,$500B+,VP of Blockchain/Web3,Vice President,ACQUISITION,critical,98,aws.amazon.com,ACQUISITION TARGET; AWS Blockchain integration; Smart contracts,"AWS Blockchain, QLDB integration potential - massive strategic value",AWS Blockchain as a Service with built-in SSIP verification,Internal blockchain teams,Continuous M&A pipeline
ServiceNow,Technology,Workflow Software,US,10K-50K employees,$150B+,Chief Product Officer,CPO,ACQUISITION,critical,97,servicenow.com,ACQUISITION TARGET; Contract module; Workflow integration,Perfect strategic fit - SSIP enhances their platform,Contract management module for ServiceNow platform,Custom contract workflows,Annual product roadmap (Jan)
Adobe,Technology,Document Management,US,10K-50K employees,$250B+,EVP Digital Experience,Executive Vice President,ACQUISITION,critical,95,adobe.com,ACQUISITION TARGET; Complement Adobe Sign; Document Cloud enhancement,SSIP adds cryptographic verification layer to Adobe ecosystem,Enhanced Adobe Sign with blockchain verification,Adobe Sign (internal),Q4 M&A strategy
Kaiser Permanente,Healthcare,Hospital System,US,50K+ employees,$100B+,CTO / VP of Digital Transformation,Chief Technology Officer,$500K-$1M,critical,95,kp.org,Contract compliance; Patient data integrity; Vendor management; Audit trails,"8.7M members, massive contract volume, regulatory compliance needs","Vendor contract verification, patient consent management",Manual processes + SharePoint,Fiscal year (July)
JPMorgan Chase,Financial Services,Investment Banking,US,50K+ employees,$500B+,Head of Technology Innovation,Managing Director,$1M-$2M,critical,95,jpmorganchase.com,Trade contracts; Derivative agreements; Compliance; Thousands of daily contracts,"Massive contract volume across investment banking, trading, wealth management","Trade contract verification, derivative agreement integrity",Internal blockchain team (Onyx),Annual tech budget (Jan)
Stripe,Financial Services,Payment Processing,US,1K-10K employees,$50B valuation,Head of Platform,VP of Platform Engineering,$200K-$400K,critical,95,stripe.com,Merchant agreements; Platform partner contracts; Developer-first culture,API-first company - SSIP API integration would be seamless,"Merchant agreement verification via API, platform contract automation",Internal contract tools,Continuous product investment
UnitedHealth Group,Healthcare,Health Insurance,US,50K+ employees,$350B+,CIO Optum,,$1M-$2M,critical,94,unitedhealthgroup.com,Provider contracts; Claims processing; Medicare/Medicaid compliance,OptumHealth handles 150M+ people - huge contract volume,"Provider network contract verification, claims audit trails",,
BlackRock,Financial Services,Asset Management,US,10K-50K employees,$10T AUM,Head of Aladdin Platform,,$800K-$1.5M,critical,94,blackrock.com,Fund agreements; Counterparty contracts; Custody agreements,$10T AUM - Aladdin platform could integrate SSIP,"Fund contract verification, counterparty agreement integrity",,
CVS Health,Healthcare,Pharmacy/Insurance,US,50K+ employees,$300B+,SVP of Digital Innovation,,$500K-$1M,critical,93,cvshealth.com,Pharmacy contracts; Insurance claims; Provider agreements; PBM contracts,Aetna integration needs contract verification at scale,"PBM contract integrity, claims verification",,Calendar year (Jan)
Pfizer,Healthcare,Pharmaceutical,US,50K+ employees,$100B+,Chief Digital Officer,,$500K-$1M,critical,93,pfizer.com,R&D partnerships; Manufacturing contracts; Distribution agreements,COVID vaccine distribution taught them contract velocity matters,"Partnership agreement verification, supply chain contracts",,
Goldman Sachs,Financial Services,Investment Banking,US,10K-50K employees,$60B+,CTO,,$1M-$2M,critical,93,goldmansachs.com,ISDA agreements; Trade confirmations; Regulatory reporting,Digital assets division exploring blockchain - perfect timing,"ISDA master agreement verification, swap confirmations",,
Johnson & Johnson,Healthcare,Pharmaceutical,US,50K+ employees,$95B+,VP of Supply Chain,,$500K-$1M,critical,92,jnj.com,Global supplier contracts; Clinical trial agreements; IP licensing,Operates in 60 countries - multi-jurisdiction contract compliance,"Supplier contract verification, clinical trial integrity",,
Anthem (Elevance Health),Healthcare,Health Insurance,US,50K+ employees,$150B+,SVP of IT,,$500K-$1M,critical,92,elevancehealth.com,Provider network contracts; Claims adjudication; Regulatory compliance,,Provider contract verification at scale,,
Morgan Stanley,Financial Services,Investment Banking,US,50K+ employees,$60B+,Head of Digital Assets,,$800K-$1.5M,critical,92,morganstanley.com,Wealth management contracts; Trade agreements; Custody agreements,,"Wealth client contract verification, trade settlement",,
Fidelity Investments,Financial Services,Asset Management,US,50K+ employees,$4.5T AUM,President of Fidelity Digital Assets,,$600K-$1M,critical,92,fidelity.com,Crypto custody; Traditional custody; Client agreements,Fidelity Digital Assets division = blockchain-native opportunity,"Digital asset custody agreements, client contract verification",,
Mayo Clinic,Healthcare,Academic Medical Center,US,10K-50K employees,$15B+,Chief Digital Officer,,$300K-$500K,high,92,mayoclinic.org,Research contracts; Clinical trial agreements; Patient consent,Leading research institution with complex IP and partnership contracts,"Clinical trial contract management, research IP verification",,
Epic Systems,Healthcare,Health IT/EHR,US,10K-50K employees,$4B+,VP of Product,,$300K-$500K,high,92,epic.com,Hospital contracts; Implementation agreements; HIPAA compliance,EHR market leader - could white-label SSIP to customers,Contract module for Epic EHR platform,,Product planning (March)
HCA Healthcare,Healthcare,Hospital Chain,US,50K+ employees,$60B+,VP of IT Strategy,,$500K-$1M,critical,91,hcahealthcare.com,"186 hospitals, 2,000+ sites - vendor contract chaos",Largest for-profit hospital chain - standardization opportunity,Multi-site vendor contract management,,
Bank of America,Financial Services,Commercial Banking,US,50K+ employees,$100B+,CTO Enterprise Technology,,$1M-$2M,critical,91,bankofamerica.com,Loan agreements; Corporate contracts; Treasury agreements,67M consumer + 3M business clients = massive contract volume,"Loan contract verification, corporate banking agreements",,
Citigroup,Financial Services,Global Banking,US,50K+ employees,$75B+,Global Head of Innovation,,$1M-$2M,critical,91,citigroup.com,Multi-jurisdiction contracts; Trade finance; Cross-border compliance,Operates in 160 countries - complex cross-border contract needs,"Trade finance verification, cross-border contract compliance",,
Vanguard,Financial Services,Asset Management,US,10K-50K employees,$8T AUM,CIO,,$500K-$1M,critical,90,vanguard.com,Index fund agreements; Client account contracts; Custody,Low-cost leader needs efficient contract automation,"Client account agreements, fund prospectus verification",,
Moderna,Healthcare,Biotechnology,US,1K-10K employees,$20B+,CTO,,$200K-$400K,high,90,modernatx.com,mRNA licensing; Research partnerships; Manufacturing scale-up,Fast-growing biotech with complex IP portfolio,"IP licensing verification, partnership contract management",,
Cerner (Oracle Health),Healthcare,Health IT/EHR,US,10K-50K employees,$6B+,VP of Engineering,,$300K-$500K,high,90,oracle.com/health,Post-Oracle acquisition integration; Contract modernization,Oracle acquisition creates tech stack upgrade opportunity,EHR contract verification module,,
Humana,Healthcare,Health Insurance,US,50K+ employees,$90B+,Chief Digital Officer,,$400K-$600K,high,90,humana.com,Medicare Advantage contracts; Provider agreements,,"Medicare contract compliance, provider network integrity",,
Square (Block),Financial Services,Payment Processing,US,10K-50K employees,$20B+,CTO Square,,$300K-$500K,high,90,squareup.com,Merchant contracts; Cash App user agreements; Bitcoin integration,Cash App + Bitcoin focus = crypto-native opportunity,"Merchant agreement automation, Cash App contract verification",,
Wells Fargo,Financial Services,Commercial Banking,US,50K+ employees,$80B+,EVP of Technology,,$800K-$1.5M,critical,89,wellsfargo.com,Rebuilding trust post-scandal; Compliance rigor; Loan contracts,Consent orders require bulletproof audit trails - perfect fit,"Enhanced contract compliance, regulatory audit trails",,
Medtronic,Healthcare,Medical Devices,US,50K+ employees,$30B+,VP of Supply Chain,,$400K-$600K,high,89,medtronic.com,Device supplier contracts; Hospital agreements; FDA compliance,Global medical device leader with regulatory complexity,"Supplier quality agreements, hospital purchasing contracts",,
Teladoc Health,Healthcare,Telemedicine,US,1K-10K employees,$2.5B+,CTO,,$150K-$300K,high,88,teladoc.com,Provider contracts; Patient consent; Multi-state licensing,Virtual care leader with complex provider network,"Provider agreement verification, patient consent management",,
State Street,Financial Services,Custody/Fund Services,US,10K-50K employees,$4T AUM,Chief Digital Officer,,$500K-$800K,high,88,statestreet.com,Custody agreements; Fund administration; Securities lending,Custody bank with massive contract processing needs,"Custody agreement verification, securities lending contracts",,
PayPal,Financial Services,Payment Processing,US,10K-50K employees,$30B+,SVP of Platform,,$400K-$600K,high,88,paypal.com,User agreements; Merchant contracts; Cross-border compliance,430M active accounts - massive user agreement volume,"User agreement verification, merchant contract automation",,
"Berkshire Hathaway (GEICO, Gen Re)",Financial Services,Insurance,US,50K+ employees,$300B+,CIO GEICO,,$500K-$1M,critical,87,berkshirehathaway.com,Policy contracts; Reinsurance agreements; Claims processing,GEICO + Gen Re = massive policy and reinsurance contract volume,"Policy contract verification, reinsurance treaty integrity",,
Boston Scientific,Healthcare,Medical Devices,US,10K-50K employees,$12B+,Director of Procurement,,$200K-$400K,high,87,bostonscientific.com,Supplier agreements; Clinical trial contracts; Regulatory submissions,,"Supplier contract integrity, clinical data verification",,
State Farm,Financial Services,Insurance,US,50K+ employees,$80B+,VP of Innovation,,$400K-$600K,high,86,statefarm.com,83M policies; Claims contracts; Agent agreements,Largest P&C insurer in US - huge contract volume,"Policy issuance verification, claims contract integrity",,
MetLife,Financial Services,Life Insurance,US,10K-50K employees,$70B+,SVP of Digital,,$400K-$600K,high,86,metlife.com,Life insurance policies; Annuity contracts; Group benefits,Global presence in 40+ countries - complex contract landscape,"Life policy verification, annuity contract integrity",,
Allstate,Financial Services,Insurance,US,10K-50K employees,$50B+,Chief Technology Officer,,$300K-$500K,high,85,allstate.com,Policy automation; Claims processing; Agent networks,,"Policy contract automation, claims verification",,
