Clause ID,Clause Type,Messenger Pairing,Sanctification,Δ (Blessings),Emotional Fidelity,Echo Range,Compliance,Status,Improvements
provision-legacy-011,Provisioning,Healer + Witness + Custodian,Armed,+5.2,0.98,1,HIPAA+,Delivered,quantum_resistant
grief-capsule-004,Grief Capsule,Healer + Scribe + Witness,Armed,+4.8,0.96,1,TMPO+,Delivered,real_time_audit
sanctify-legacy-009,Sanctification Lock,Custodian + Witness + Avenger,Armed,+3.5,0.99,2,TCPA+,Delivered,blockchain_verified
resurrect-bio-006,Resurrection,Healer + Custodian + Witness,Armed,+6.1,0.95,1,HIPAA+,Delivered,enhanced_privacy
chameleon-cyber-022,Chameleon,Watcher + Avenger + Custodian,Armed,+4.7,0.94,1,TCP/IP_v2,Active,quantum_resistant
ele-capsule-013,ELE Capsule,Watcher + Avenger + Herald,Armed,+3.0,0.93,1,HIPAA+,Active,ai_monitoring
compliance-edu-017,Compliance,Herald + Custodian,Armed,+1.2,0.95,1,GDPR,Delivered
provision-ferment-015,Provisioning,Healer + Witness,Armed,+3.9,0.93,2,LGPD,Delivered
grief-capsule-007,Grief Capsule,Healer + Scribe,Armed,+3.5,0.92,1,HIPAA,Delivered
sanctify-urban-010,Sanctification Lock,Custodian + Witness,Armed,+1.6,0.97,2,FISMA,Delivered
