Timestamp,Clause ID,Messenger Pairing,Δ (Blessings),Emotional Fidelity,Sanctification,Compliance,Status
2025-11-01T08:14:00Z,provision-legacy-011,Healer + Witness,+4.2,0.96,Armed,HIPAA,Delivered
2025-11-01T09:03:00Z,grief-capsule-004,Healer + Scribe,+3.8,0.94,Armed,TMPO,Delivered
2025-11-01T09:45:00Z,sanctify-legacy-009,Custodian + Witness,+1.5,0.98,Armed,TCPA,Delivered
2025-11-01T10:22:00Z,resurrect-bio-006,Healer + Custodian,+5.1,0.92,Armed,HIPAA,Delivered
2025-11-01T11:10:00Z,chameleon-cyber-022,Watcher + Avenger,+2.7,0.91,Dormant,TCP/IP,Active
2025-11-01T11:58:00Z,ele-capsule-013,Watcher + Avenger,+0.0,0.89,Suspended,HIPAA,Quarantined
2025-11-01T12:33:00Z,compliance-edu-017,Herald + Custodian,+1.2,0.95,Armed,GDPR,Delivered
2025-11-01T13:05:00Z,provision-ferment-015,Healer + Witness,+3.9,0.93,Armed,LGPD,Delivered
2025-11-01T13:42:00Z,grief-capsule-007,Healer + Scribe,+3.5,0.92,Armed,HIPAA,Delivered
2025-11-01T14:00:00Z,sanctify-urban-010,Custodian + Witness,+1.6,0.97,Armed,FISMA,Delivered
